{"cameraMode":{"drawMode":0,"name":"Shaded","section":"Shading Mode"},"sceneLighting":false,"audioPlay":false,"sceneViewState":{"showFog":false,"showMaterialUpdate":true,"showSkybox":false,"showFlares":true,"showImageEffects":true,"showParticleSystems":true},"in2DMode":false,"pivot":{"x":-433.873046875,"y":64.08075714111328,"z":31.89875030517578},"rotation":{"x":0.00738887581974268,"y":-0.7102426290512085,"z":-0.00746114319190383,"w":-0.7039035558700562},"size":192.88877868652345,"orthographic":false}