{"cameraMode":{"drawMode":0,"name":"Shaded","section":"Shading Mode"},"sceneLighting":false,"audioPlay":false,"sceneViewState":{"showFog":false,"showMaterialUpdate":true,"showSkybox":false,"showFlares":true,"showImageEffects":true,"showParticleSystems":true},"in2DMode":false,"pivot":{"x":75.80226135253906,"y":69.03997802734375,"z":632.8124389648438},"rotation":{"x":0.004690227564424276,"y":-0.9953079223632813,"z":-0.06638769060373306,"w":-0.07030562311410904},"size":14.823867797851563,"orthographic":false}