{"cameraMode":{"drawMode":0,"name":"Shaded","section":"Shading Mode"},"sceneLighting":true,"audioPlay":false,"sceneViewState":{"showFog":false,"showMaterialUpdate":true,"showSkybox":true,"showFlares":true,"showImageEffects":true,"showParticleSystems":true},"in2DMode":false,"pivot":{"x":-159.10647583007813,"y":68.58366394042969,"z":417.6792907714844},"rotation":{"x":0.17154397070407868,"y":0.03426716476678848,"z":-0.005960563663393259,"w":0.9845733046531677},"size":15.346314430236817,"orthographic":false}