{"cameraMode":{"drawMode":0,"name":"Shaded","section":"Shading Mode"},"sceneLighting":false,"audioPlay":false,"sceneViewState":{"showFog":true,"showMaterialUpdate":false,"showSkybox":false,"showFlares":true,"showImageEffects":true,"showParticleSystems":true},"in2DMode":false,"pivot":{"x":-1.3492002487182618,"y":23.752586364746095,"z":657.8642578125},"rotation":{"x":-0.00491685513406992,"y":0.9932003617286682,"z":-0.10707961767911911,"w":-0.045609377324581149},"size":202.53567504882813,"orthographic":false}