{"cameraMode":{"drawMode":0,"name":"Shaded","section":"Shading Mode"},"sceneLighting":true,"audioPlay":false,"sceneViewState":{"showFog":false,"showMaterialUpdate":true,"showSkybox":true,"showFlares":true,"showImageEffects":true,"showParticleSystems":true},"in2DMode":false,"pivot":{"x":-121.81739807128906,"y":97.39868927001953,"z":386.1598815917969},"rotation":{"x":0.27176377177238467,"y":0.03403463959693909,"z":-0.009610183537006379,"w":0.9617288112640381},"size":22.0,"orthographic":false}