{"cameraMode":{"drawMode":0,"name":"Shaded","section":"Shading Mode"},"sceneLighting":false,"audioPlay":false,"sceneViewState":{"showFog":true,"showMaterialUpdate":false,"showSkybox":false,"showFlares":true,"showImageEffects":true,"showParticleSystems":true},"in2DMode":false,"pivot":{"x":487.4431457519531,"y":112.4569091796875,"z":-83.33767700195313},"rotation":{"x":0.7885480523109436,"y":-0.05849574878811836,"z":0.0759340301156044,"w":0.6074576377868652},"size":2039.5172119140625,"orthographic":false}