{"cameraMode":{"drawMode":0,"name":"Shaded","section":"Shading Mode"},"sceneLighting":false,"audioPlay":false,"sceneViewState":{"showFog":false,"showMaterialUpdate":true,"showSkybox":false,"showFlares":true,"showImageEffects":true,"showParticleSystems":true},"in2DMode":false,"pivot":{"x":0.24661706387996674,"y":-2.6621108055114748,"z":-14.258829116821289},"rotation":{"x":0.00006715483323205262,"y":0.9977766275405884,"z":-0.0668492466211319,"w":0.000923932355362922},"size":25.493967056274415,"orthographic":false}