{"cameraMode":{"drawMode":0,"name":"Shaded","section":"Shading Mode"},"sceneLighting":true,"audioPlay":false,"sceneViewState":{"showFog":false,"showMaterialUpdate":false,"showSkybox":true,"showFlares":true,"showImageEffects":true,"showParticleSystems":false},"in2DMode":false,"pivot":{"x":525.10498046875,"y":2301.974609375,"z":-1324.7286376953125},"rotation":{"x":-0.3494213819503784,"y":0.0931011363863945,"z":-0.03491659089922905,"w":-0.9316812753677368},"size":228.63072204589845,"orthographic":false}