{"cameraMode":{"drawMode":0,"name":"Shaded","section":"Shading Mode"},"sceneLighting":false,"audioPlay":false,"sceneViewState":{"showFog":false,"showMaterialUpdate":false,"showSkybox":false,"showFlares":true,"showImageEffects":true,"showParticleSystems":false},"in2DMode":false,"pivot":{"x":5.1618499755859379,"y":54.876190185546878,"z":803.4287719726563},"rotation":{"x":-0.3844355642795563,"y":0.08346165716648102,"z":-0.03492414951324463,"w":-0.9187146425247192},"size":228.63072204589845,"orthographic":false}